title,description
Global leaders meet to discuss climate policy 0,World leaders gathered to negotiate new climate agreements amid rising global temperatures (report 0)
Olympic committee announces new host city 0,The international Olympic committee revealed the next host city after months of evaluation (report 0)
Tech giant unveils new AI chip 0,A major technology company introduced a next generation AI processing chip for faster computations (report 0)
Stock markets rally after economic report 0,Markets surged following positive economic growth data released this week (report 0)
International tensions rise over border dispute 0,Two neighboring countries report increased military presence near disputed borders (report 0)
Star player scores winning goal in finals 0,A dramatic last minute goal secured the championship victory for the team (report 0)
New smartphone release breaks sales records 0,The latest smartphone model has achieved record breaking sales globally (report 0)
Central bank adjusts interest rates 0,Officials announced changes to interest rates in response to inflation concerns (report 0)
Scientists discover potential cancer treatment 0,Researchers identified a promising new therapy in early clinical trials (report 0)
Major corporation announces merger deal 0,Two large corporations agreed to merge creating a global industry leader (report 0)
Global leaders meet to discuss climate policy 1,World leaders gathered to negotiate new climate agreements amid rising global temperatures (report 1)
Olympic committee announces new host city 1,The international Olympic committee revealed the next host city after months of evaluation (report 1)
Tech giant unveils new AI chip 1,A major technology company introduced a next generation AI processing chip for faster computations (report 1)
Stock markets rally after economic report 1,Markets surged following positive economic growth data released this week (report 1)
International tensions rise over border dispute 1,Two neighboring countries report increased military presence near disputed borders (report 1)
Star player scores winning goal in finals 1,A dramatic last minute goal secured the championship victory for the team (report 1)
New smartphone release breaks sales records 1,The latest smartphone model has achieved record breaking sales globally (report 1)
Central bank adjusts interest rates 1,Officials announced changes to interest rates in response to inflation concerns (report 1)
Scientists discover potential cancer treatment 1,Researchers identified a promising new therapy in early clinical trials (report 1)
Major corporation announces merger deal 1,Two large corporations agreed to merge creating a global industry leader (report 1)
Global leaders meet to discuss climate policy 2,World leaders gathered to negotiate new climate agreements amid rising global temperatures (report 2)
Olympic committee announces new host city 2,The international Olympic committee revealed the next host city after months of evaluation (report 2)
Tech giant unveils new AI chip 2,A major technology company introduced a next generation AI processing chip for faster computations (report 2)
Stock markets rally after economic report 2,Markets surged following positive economic growth data released this week (report 2)
International tensions rise over border dispute 2,Two neighboring countries report increased military presence near disputed borders (report 2)
Star player scores winning goal in finals 2,A dramatic last minute goal secured the championship victory for the team (report 2)
New smartphone release breaks sales records 2,The latest smartphone model has achieved record breaking sales globally (report 2)
Central bank adjusts interest rates 2,Officials announced changes to interest rates in response to inflation concerns (report 2)
Scientists discover potential cancer treatment 2,Researchers identified a promising new therapy in early clinical trials (report 2)
Major corporation announces merger deal 2,Two large corporations agreed to merge creating a global industry leader (report 2)
Global leaders meet to discuss climate policy 3,World leaders gathered to negotiate new climate agreements amid rising global temperatures (report 3)
Olympic committee announces new host city 3,The international Olympic committee revealed the next host city after months of evaluation (report 3)
Tech giant unveils new AI chip 3,A major technology company introduced a next generation AI processing chip for faster computations (report 3)
Stock markets rally after economic report 3,Markets surged following positive economic growth data released this week (report 3)
International tensions rise over border dispute 3,Two neighboring countries report increased military presence near disputed borders (report 3)
Star player scores winning goal in finals 3,A dramatic last minute goal secured the championship victory for the team (report 3)
New smartphone release breaks sales records 3,The latest smartphone model has achieved record breaking sales globally (report 3)
Central bank adjusts interest rates 3,Officials announced changes to interest rates in response to inflation concerns (report 3)
Scientists discover potential cancer treatment 3,Researchers identified a promising new therapy in early clinical trials (report 3)
Major corporation announces merger deal 3,Two large corporations agreed to merge creating a global industry leader (report 3)
Global leaders meet to discuss climate policy 4,World leaders gathered to negotiate new climate agreements amid rising global temperatures (report 4)
Olympic committee announces new host city 4,The international Olympic committee revealed the next host city after months of evaluation (report 4)
Tech giant unveils new AI chip 4,A major technology company introduced a next generation AI processing chip for faster computations (report 4)
Stock markets rally after economic report 4,Markets surged following positive economic growth data released this week (report 4)
International tensions rise over border dispute 4,Two neighboring countries report increased military presence near disputed borders (report 4)
Star player scores winning goal in finals 4,A dramatic last minute goal secured the championship victory for the team (report 4)
New smartphone release breaks sales records 4,The latest smartphone model has achieved record breaking sales globally (report 4)
Central bank adjusts interest rates 4,Officials announced changes to interest rates in response to inflation concerns (report 4)
Scientists discover potential cancer treatment 4,Researchers identified a promising new therapy in early clinical trials (report 4)
Major corporation announces merger deal 4,Two large corporations agreed to merge creating a global industry leader (report 4)
Global leaders meet to discuss climate policy 5,World leaders gathered to negotiate new climate agreements amid rising global temperatures (report 5)
Olympic committee announces new host city 5,The international Olympic committee revealed the next host city after months of evaluation (report 5)
Tech giant unveils new AI chip 5,A major technology company introduced a next generation AI processing chip for faster computations (report 5)
Stock markets rally after economic report 5,Markets surged following positive economic growth data released this week (report 5)
International tensions rise over border dispute 5,Two neighboring countries report increased military presence near disputed borders (report 5)
Star player scores winning goal in finals 5,A dramatic last minute goal secured the championship victory for the team (report 5)
New smartphone release breaks sales records 5,The latest smartphone model has achieved record breaking sales globally (report 5)
Central bank adjusts interest rates 5,Officials announced changes to interest rates in response to inflation concerns (report 5)
Scientists discover potential cancer treatment 5,Researchers identified a promising new therapy in early clinical trials (report 5)
Major corporation announces merger deal 5,Two large corporations agreed to merge creating a global industry leader (report 5)
Global leaders meet to discuss climate policy 6,World leaders gathered to negotiate new climate agreements amid rising global temperatures (report 6)
Olympic committee announces new host city 6,The international Olympic committee revealed the next host city after months of evaluation (report 6)
Tech giant unveils new AI chip 6,A major technology company introduced a next generation AI processing chip for faster computations (report 6)
Stock markets rally after economic report 6,Markets surged following positive economic growth data released this week (report 6)
International tensions rise over border dispute 6,Two neighboring countries report increased military presence near disputed borders (report 6)
Star player scores winning goal in finals 6,A dramatic last minute goal secured the championship victory for the team (report 6)
New smartphone release breaks sales records 6,The latest smartphone model has achieved record breaking sales globally (report 6)
Central bank adjusts interest rates 6,Officials announced changes to interest rates in response to inflation concerns (report 6)
Scientists discover potential cancer treatment 6,Researchers identified a promising new therapy in early clinical trials (report 6)
Major corporation announces merger deal 6,Two large corporations agreed to merge creating a global industry leader (report 6)
Global leaders meet to discuss climate policy 7,World leaders gathered to negotiate new climate agreements amid rising global temperatures (report 7)
Olympic committee announces new host city 7,The international Olympic committee revealed the next host city after months of evaluation (report 7)
Tech giant unveils new AI chip 7,A major technology company introduced a next generation AI processing chip for faster computations (report 7)
Stock markets rally after economic report 7,Markets surged following positive economic growth data released this week (report 7)
International tensions rise over border dispute 7,Two neighboring countries report increased military presence near disputed borders (report 7)
Star player scores winning goal in finals 7,A dramatic last minute goal secured the championship victory for the team (report 7)
New smartphone release breaks sales records 7,The latest smartphone model has achieved record breaking sales globally (report 7)
Central bank adjusts interest rates 7,Officials announced changes to interest rates in response to inflation concerns (report 7)
Scientists discover potential cancer treatment 7,Researchers identified a promising new therapy in early clinical trials (report 7)
Major corporation announces merger deal 7,Two large corporations agreed to merge creating a global industry leader (report 7)
Global leaders meet to discuss climate policy 8,World leaders gathered to negotiate new climate agreements amid rising global temperatures (report 8)
Olympic committee announces new host city 8,The international Olympic committee revealed the next host city after months of evaluation (report 8)
Tech giant unveils new AI chip 8,A major technology company introduced a next generation AI processing chip for faster computations (report 8)
Stock markets rally after economic report 8,Markets surged following positive economic growth data released this week (report 8)
International tensions rise over border dispute 8,Two neighboring countries report increased military presence near disputed borders (report 8)
Star player scores winning goal in finals 8,A dramatic last minute goal secured the championship victory for the team (report 8)
New smartphone release breaks sales records 8,The latest smartphone model has achieved record breaking sales globally (report 8)
Central bank adjusts interest rates 8,Officials announced changes to interest rates in response to inflation concerns (report 8)
Scientists discover potential cancer treatment 8,Researchers identified a promising new therapy in early clinical trials (report 8)
Major corporation announces merger deal 8,Two large corporations agreed to merge creating a global industry leader (report 8)
Global leaders meet to discuss climate policy 9,World leaders gathered to negotiate new climate agreements amid rising global temperatures (report 9)
Olympic committee announces new host city 9,The international Olympic committee revealed the next host city after months of evaluation (report 9)
Tech giant unveils new AI chip 9,A major technology company introduced a next generation AI processing chip for faster computations (report 9)
Stock markets rally after economic report 9,Markets surged following positive economic growth data released this week (report 9)
International tensions rise over border dispute 9,Two neighboring countries report increased military presence near disputed borders (report 9)
Star player scores winning goal in finals 9,A dramatic last minute goal secured the championship victory for the team (report 9)
New smartphone release breaks sales records 9,The latest smartphone model has achieved record breaking sales globally (report 9)
Central bank adjusts interest rates 9,Officials announced changes to interest rates in response to inflation concerns (report 9)
Scientists discover potential cancer treatment 9,Researchers identified a promising new therapy in early clinical trials (report 9)
Major corporation announces merger deal 9,Two large corporations agreed to merge creating a global industry leader (report 9)
